sle(32)_sld(2)_lsed([16])_lsf()_ac(tanh)_opt(adam)_rd(0.05)_drop(0.05)_bs(64)_lr(0.01)_ct(lstm)_pat(15);0.29230;216.39
sle(32)_sld(2)_lsed([32])_lsf()_ac(sigmoid)_opt(adam)_rd(0.05)_drop(0.05)_bs(64)_lr(0.001)_ct(lstm)_pat(15);0.29430;264.05
sle(32)_sld(3)_lsed([32])_lsf()_ac(tanh)_opt(adam)_rd(0.05)_drop(0.05)_bs(128)_lr(0.001)_ct(lstm)_pat(15);0.28900;292.05
sle(32)_sld(4)_lsed([16])_lsf()_ac(sigmoid)_opt(rmsprop)_rd(0.05)_drop(0.05)_bs(128)_lr(0.001)_ct(lstm)_pat(15);0.29350;783.20
sle(28)_sld(2)_lsed([8])_lsf()_ac(sigmoid)_opt(adam)_rd(0.05)_drop(0.05)_bs(16)_lr(0.01)_ct(lstm)_pat(15);0.29310;1239.13
sle(12)_sld(5)_lsed([32, 4])_lsf()_ac(tanh)_opt(adam)_rd(0.05)_drop(0.05)_bs(32)_lr(0.001)_ct(lstm)_pat(15);0.29340;1091.41
sle(24)_sld(6)_lsed([64])_lsf()_ac(sigmoid)_opt(adam)_rd(0.05)_drop(0.05)_bs(8)_lr(0.001)_ct(lstm)_pat(15);0.29100;1951.53
sle(16)_sld(2)_lsed([32])_lsf()_ac(tanh)_opt(adam)_rd(0.05)_drop(0.05)_bs(128)_lr(0.0001)_ct(lstm)_pat(15);0.29380;220.10
sle(40)_sld(3)_lsed([16, 4])_lsf()_ac(sigmoid)_opt(adam)_rd(0.05)_drop(0.05)_bs(64)_lr(0.001)_ct(lstm)_pat(15);0.28930;2870.67
sle(12)_sld(6)_lsed([64])_lsf()_ac(tanh)_opt(adam)_rd(0.05)_drop(0.05)_bs(16)_lr(0.0001)_ct(lstm)_pat(15);0.29000;4144.80
sle(24)_sld(1)_lsed([32, 4])_lsf()_ac(sigmoid)_opt(rmsprop)_rd(0.05)_drop(0.05)_bs(16)_lr(0.001)_ct(lstm)_pat(15);0.28930;2986.90
sle(36)_sld(2)_lsed([32, 16])_lsf()_ac(tanh)_opt(adam)_rd(0.05)_drop(0.05)_bs(32)_lr(0.0001)_ct(lstm)_pat(15);0.29050;5136.06
sle(8)_sld(2)_lsed([32])_lsf()_ac(sigmoid)_opt(adam)_rd(0.05)_drop(0.05)_bs(32)_lr(0.01)_ct(lstm)_pat(15);0.29930;191.75
sle(40)_sld(6)_lsed([16])_lsf()_ac(tanh)_opt(rmsprop)_rd(0.05)_drop(0.05)_bs(128)_lr(0.0001)_ct(lstm)_pat(15);0.28800;2587.76
sle(32)_sld(2)_lsed([32, 4])_lsf()_ac(tanh)_opt(adam)_rd(0.05)_drop(0.05)_bs(8)_lr(0.01)_ct(lstm)_pat(15);0.29390;5503.80
sle(32)_sld(4)_lsed([8])_lsf()_ac(tanh)_opt(adam)_rd(0.05)_drop(0.05)_bs(64)_lr(0.0001)_ct(lstm)_pat(15);0.28590;4534.93
sle(20)_sld(3)_lsed([8])_lsf()_ac(tanh)_opt(adam)_rd(0.05)_drop(0.05)_bs(128)_lr(0.001)_ct(lstm)_pat(15);0.28810;426.48
sle(20)_sld(5)_lsed([32])_lsf()_ac(sigmoid)_opt(rmsprop)_rd(0.05)_drop(0.05)_bs(16)_lr(0.001)_ct(lstm)_pat(15);0.28660;2133.65
sle(20)_sld(2)_lsed([32])_lsf()_ac(tanh)_opt(rmsprop)_rd(0.05)_drop(0.05)_bs(32)_lr(0.01)_ct(lstm)_pat(15);0.28960;354.35
sle(8)_sld(4)_lsed([16, 8])_lsf()_ac(sigmoid)_opt(adam)_rd(0.05)_drop(0.05)_bs(16)_lr(0.0001)_ct(lstm)_pat(15);0.29130;6101.32
sle(36)_sld(6)_lsed([64])_lsf()_ac(tanh)_opt(rmsprop)_rd(0.05)_drop(0.05)_bs(8)_lr(0.0001)_ct(lstm)_pat(15);0.28870;4614.76
sle(16)_sld(3)_lsed([64])_lsf()_ac(tanh)_opt(adam)_rd(0.05)_drop(0.05)_bs(64)_lr(0.0001)_ct(lstm)_pat(15);0.29100;1907.91
sle(8)_sld(6)_lsed([64, 32])_lsf()_ac(tanh)_opt(rmsprop)_rd(0.05)_drop(0.05)_bs(32)_lr(0.01)_ct(lstm)_pat(15);0.29910;330.81
sle(12)_sld(6)_lsed([8])_lsf()_ac(tanh)_opt(rmsprop)_rd(0.05)_drop(0.05)_bs(64)_lr(0.0001)_ct(lstm)_pat(15);0.28940;1669.17
sle(40)_sld(5)_lsed([32, 4])_lsf()_ac(sigmoid)_opt(adam)_rd(0.05)_drop(0.05)_bs(128)_lr(0.01)_ct(lstm)_pat(15);0.34350;294.13
sle(12)_sld(7)_lsed([64])_lsf()_ac(sigmoid)_opt(rmsprop)_rd(0.05)_drop(0.05)_bs(8)_lr(0.01)_ct(lstm)_pat(15);0.29650;757.94
sle(20)_sld(2)_lsed([16])_lsf()_ac(sigmoid)_opt(rmsprop)_rd(0.05)_drop(0.05)_bs(64)_lr(0.01)_ct(lstm)_pat(15);0.28970;617.92
sle(28)_sld(6)_lsed([16])_lsf()_ac(tanh)_opt(rmsprop)_rd(0.05)_drop(0.05)_bs(128)_lr(0.01)_ct(lstm)_pat(15);0.28750;156.66
sle(16)_sld(4)_lsed([64, 16])_lsf()_ac(sigmoid)_opt(adam)_rd(0.05)_drop(0.05)_bs(64)_lr(0.001)_ct(lstm)_pat(15);0.28860;786.35
sle(20)_sld(3)_lsed([16])_lsf()_ac(tanh)_opt(adam)_rd(0.05)_drop(0.05)_bs(128)_lr(0.001)_ct(lstm)_pat(15);0.28780;328.81
sle(8)_sld(4)_lsed([8, 4])_lsf()_ac(sigmoid)_opt(rmsprop)_rd(0.05)_drop(0.05)_bs(32)_lr(0.001)_ct(lstm)_pat(15);0.29110;518.46
sle(24)_sld(2)_lsed([32])_lsf()_ac(sigmoid)_opt(adam)_rd(0.05)_drop(0.05)_bs(16)_lr(0.01)_ct(lstm)_pat(15);0.30090;1006.65
sle(12)_sld(6)_lsed([8])_lsf()_ac(sigmoid)_opt(rmsprop)_rd(0.05)_drop(0.05)_bs(8)_lr(0.01)_ct(lstm)_pat(15);0.29240;641.34
sle(8)_sld(6)_lsed([8, 4])_lsf()_ac(tanh)_opt(adam)_rd(0.05)_drop(0.05)_bs(64)_lr(0.01)_ct(lstm)_pat(15);0.29480;319.99
sle(20)_sld(5)_lsed([16, 8])_lsf()_ac(tanh)_opt(adam)_rd(0.05)_drop(0.05)_bs(8)_lr(0.01)_ct(lstm)_pat(15);0.29380;3162.97
sle(36)_sld(2)_lsed([8, 4])_lsf()_ac(sigmoid)_opt(rmsprop)_rd(0.05)_drop(0.05)_bs(32)_lr(0.001)_ct(lstm)_pat(15);0.29430;1254.04
sle(24)_sld(5)_lsed([8, 4])_lsf()_ac(sigmoid)_opt(rmsprop)_rd(0.05)_drop(0.05)_bs(128)_lr(0.001)_ct(lstm)_pat(15);0.28800;1137.75
sle(16)_sld(2)_lsed([16, 8])_lsf()_ac(tanh)_opt(rmsprop)_rd(0.05)_drop(0.05)_bs(8)_lr(0.001)_ct(lstm)_pat(15);0.28960;2221.83
sle(40)_sld(6)_lsed([64, 16])_lsf()_ac(sigmoid)_opt(rmsprop)_rd(0.05)_drop(0.05)_bs(64)_lr(0.01)_ct(lstm)_pat(15);0.29920;1038.25
sle(12)_sld(7)_lsed([16])_lsf()_ac(sigmoid)_opt(rmsprop)_rd(0.05)_drop(0.05)_bs(64)_lr(0.0001)_ct(lstm)_pat(15);0.28930;1700.56
sle(32)_sld(6)_lsed([16, 8])_lsf()_ac(tanh)_opt(adam)_rd(0.05)_drop(0.05)_bs(128)_lr(0.0001)_ct(lstm)_pat(15);0.28660;4805.70
sle(12)_sld(5)_lsed([64, 16])_lsf()_ac(sigmoid)_opt(adam)_rd(0.05)_drop(0.05)_bs(32)_lr(0.01)_ct(lstm)_pat(15);0.29270;719.01
sle(40)_sld(1)_lsed([8])_lsf()_ac(tanh)_opt(adam)_rd(0.05)_drop(0.05)_bs(64)_lr(0.001)_ct(lstm)_pat(15);0.28870;660.26
sle(36)_sld(6)_lsed([16])_lsf()_ac(sigmoid)_opt(adam)_rd(0.05)_drop(0.05)_bs(8)_lr(0.01)_ct(lstm)_pat(15);0.29580;2369.02
sle(40)_sld(6)_lsed([8, 4])_lsf()_ac(sigmoid)_opt(adam)_rd(0.05)_drop(0.05)_bs(128)_lr(0.001)_ct(lstm)_pat(15);0.28620;5759.26
sle(32)_sld(2)_lsed([16, 8])_lsf()_ac(tanh)_opt(rmsprop)_rd(0.05)_drop(0.05)_bs(16)_lr(0.001)_ct(lstm)_pat(15);0.29040;2335.73
sle(40)_sld(5)_lsed([64])_lsf()_ac(sigmoid)_opt(adam)_rd(0.05)_drop(0.05)_bs(8)_lr(0.001)_ct(lstm)_pat(15);0.29600;1905.57
sle(12)_sld(1)_lsed([64, 32])_lsf()_ac(tanh)_opt(adam)_rd(0.05)_drop(0.05)_bs(8)_lr(0.01)_ct(lstm)_pat(15);0.29430;2284.68
sle(16)_sld(6)_lsed([64, 32])_lsf()_ac(sigmoid)_opt(rmsprop)_rd(0.05)_drop(0.05)_bs(32)_lr(0.01)_ct(lstm)_pat(15);0.29900;703.23
sle(28)_sld(2)_lsed([64, 32])_lsf()_ac(sigmoid)_opt(rmsprop)_rd(0.05)_drop(0.05)_bs(32)_lr(0.01)_ct(lstm)_pat(15);0.29720;1384.02
sle(20)_sld(2)_lsed([32, 16])_lsf()_ac(tanh)_opt(adam)_rd(0.05)_drop(0.05)_bs(64)_lr(0.001)_ct(lstm)_pat(15);0.29070;534.23
sle(28)_sld(7)_lsed([64])_lsf()_ac(tanh)_opt(adam)_rd(0.05)_drop(0.05)_bs(8)_lr(0.01)_ct(lstm)_pat(15);0.29510;1596.83
sle(36)_sld(3)_lsed([16, 4])_lsf()_ac(sigmoid)_opt(rmsprop)_rd(0.05)_drop(0.05)_bs(64)_lr(0.001)_ct(lstm)_pat(15);0.28920;5905.95
sle(32)_sld(6)_lsed([32])_lsf()_ac(tanh)_opt(rmsprop)_rd(0.05)_drop(0.05)_bs(8)_lr(0.0001)_ct(lstm)_pat(15);0.28830;5503.72
sle(8)_sld(5)_lsed([32, 16])_lsf()_ac(sigmoid)_opt(adam)_rd(0.05)_drop(0.05)_bs(128)_lr(0.01)_ct(lstm)_pat(15);0.28960;287.24
sle(36)_sld(5)_lsed([32])_lsf()_ac(tanh)_opt(adam)_rd(0.05)_drop(0.05)_bs(32)_lr(0.0001)_ct(lstm)_pat(15);0.29270;2296.50
sle(40)_sld(4)_lsed([64, 32])_lsf()_ac(tanh)_opt(adam)_rd(0.05)_drop(0.05)_bs(64)_lr(0.0001)_ct(lstm)_pat(15);0.28950;4568.12
sle(40)_sld(6)_lsed([64, 32])_lsf()_ac(sigmoid)_opt(rmsprop)_rd(0.05)_drop(0.05)_bs(8)_lr(0.001)_ct(lstm)_pat(15);0.28850;4077.94
sle(16)_sld(5)_lsed([16, 4])_lsf()_ac(sigmoid)_opt(adam)_rd(0.05)_drop(0.05)_bs(32)_lr(0.001)_ct(lstm)_pat(15);0.28910;777.29
sle(16)_sld(6)_lsed([8, 4])_lsf()_ac(tanh)_opt(adam)_rd(0.05)_drop(0.05)_bs(16)_lr(0.001)_ct(lstm)_pat(15);0.28540;2743.91
sle(16)_sld(2)_lsed([8, 4])_lsf()_ac(sigmoid)_opt(rmsprop)_rd(0.05)_drop(0.05)_bs(64)_lr(0.01)_ct(lstm)_pat(15);0.28920;537.45
sle(32)_sld(6)_lsed([32, 16])_lsf()_ac(tanh)_opt(adam)_rd(0.05)_drop(0.05)_bs(32)_lr(0.0001)_ct(lstm)_pat(15);0.28660;6994.10
sle(28)_sld(2)_lsed([8, 4])_lsf()_ac(tanh)_opt(adam)_rd(0.05)_drop(0.05)_bs(8)_lr(0.0001)_ct(lstm)_pat(15);0.28740;16599.24
sle(28)_sld(3)_lsed([32, 16])_lsf()_ac(tanh)_opt(rmsprop)_rd(0.05)_drop(0.05)_bs(8)_lr(0.0001)_ct(lstm)_pat(15);0.28730;7520.16
sle(32)_sld(7)_lsed([8, 4])_lsf()_ac(tanh)_opt(rmsprop)_rd(0.05)_drop(0.05)_bs(128)_lr(0.01)_ct(lstm)_pat(15);0.28800;348.62
sle(12)_sld(2)_lsed([32])_lsf()_ac(sigmoid)_opt(adam)_rd(0.05)_drop(0.05)_bs(8)_lr(0.01)_ct(lstm)_pat(15);0.29920;1312.19
sle(12)_sld(6)_lsed([16, 8])_lsf()_ac(sigmoid)_opt(rmsprop)_rd(0.05)_drop(0.05)_bs(32)_lr(0.001)_ct(lstm)_pat(15);0.28860;1291.14
sle(32)_sld(7)_lsed([64])_lsf()_ac(tanh)_opt(rmsprop)_rd(0.05)_drop(0.05)_bs(16)_lr(0.01)_ct(lstm)_pat(15);0.29860;814.62
sle(40)_sld(2)_lsed([32])_lsf()_ac(tanh)_opt(rmsprop)_rd(0.05)_drop(0.05)_bs(8)_lr(0.001)_ct(lstm)_pat(15);0.28910;3336.09
sle(36)_sld(5)_lsed([16, 8])_lsf()_ac(tanh)_opt(adam)_rd(0.05)_drop(0.05)_bs(16)_lr(0.001)_ct(lstm)_pat(15);0.28920;3463.73
sle(8)_sld(3)_lsed([32])_lsf()_ac(sigmoid)_opt(adam)_rd(0.05)_drop(0.05)_bs(128)_lr(0.01)_ct(lstm)_pat(15);0.29540;165.31
sle(28)_sld(3)_lsed([64])_lsf()_ac(tanh)_opt(rmsprop)_rd(0.05)_drop(0.05)_bs(8)_lr(0.001)_ct(lstm)_pat(15);0.29350;1419.08
sle(36)_sld(2)_lsed([8, 4])_lsf()_ac(sigmoid)_opt(adam)_rd(0.05)_drop(0.05)_bs(64)_lr(0.01)_ct(lstm)_pat(15);0.29200;783.67
sle(12)_sld(6)_lsed([64, 32])_lsf()_ac(sigmoid)_opt(adam)_rd(0.05)_drop(0.05)_bs(64)_lr(0.0001)_ct(lstm)_pat(15);0.28920;4586.97
sle(28)_sld(6)_lsed([16])_lsf()_ac(sigmoid)_opt(adam)_rd(0.05)_drop(0.05)_bs(32)_lr(0.001)_ct(lstm)_pat(15);0.28710;1297.41
sle(40)_sld(6)_lsed([16, 8])_lsf()_ac(tanh)_opt(rmsprop)_rd(0.05)_drop(0.05)_bs(32)_lr(0.01)_ct(lstm)_pat(15);0.28800;1466.43
sle(12)_sld(1)_lsed([64, 16])_lsf()_ac(sigmoid)_opt(adam)_rd(0.05)_drop(0.05)_bs(32)_lr(0.001)_ct(lstm)_pat(15);0.29220;471.96
sle(36)_sld(5)_lsed([64, 32])_lsf()_ac(sigmoid)_opt(adam)_rd(0.05)_drop(0.05)_bs(128)_lr(0.01)_ct(lstm)_pat(15);0.29230;534.30
sle(20)_sld(4)_lsed([16, 8])_lsf()_ac(tanh)_opt(adam)_rd(0.05)_drop(0.05)_bs(32)_lr(0.01)_ct(lstm)_pat(15);0.29000;723.51
sle(32)_sld(7)_lsed([16])_lsf()_ac(tanh)_opt(adam)_rd(0.05)_drop(0.05)_bs(32)_lr(0.001)_ct(lstm)_pat(15);0.28900;850.22
sle(12)_sld(1)_lsed([16])_lsf()_ac(sigmoid)_opt(adam)_rd(0.05)_drop(0.05)_bs(128)_lr(0.01)_ct(lstm)_pat(15);0.28960;475.22
sle(16)_sld(5)_lsed([16, 8])_lsf()_ac(sigmoid)_opt(adam)_rd(0.05)_drop(0.05)_bs(16)_lr(0.0001)_ct(lstm)_pat(15);0.28860;8435.96
sle(20)_sld(5)_lsed([32, 4])_lsf()_ac(sigmoid)_opt(rmsprop)_rd(0.05)_drop(0.05)_bs(128)_lr(0.0001)_ct(lstm)_pat(15);0.28880;1747.87
sle(32)_sld(3)_lsed([64, 32])_lsf()_ac(sigmoid)_opt(rmsprop)_rd(0.05)_drop(0.05)_bs(128)_lr(0.01)_ct(lstm)_pat(15);0.30350;517.25
sle(8)_sld(6)_lsed([16])_lsf()_ac(tanh)_opt(adam)_rd(0.05)_drop(0.05)_bs(8)_lr(0.01)_ct(lstm)_pat(15);0.29650;1117.60
sle(24)_sld(2)_lsed([16, 4])_lsf()_ac(tanh)_opt(rmsprop)_rd(0.05)_drop(0.05)_bs(32)_lr(0.01)_ct(lstm)_pat(15);0.29570;793.46
sle(24)_sld(1)_lsed([64])_lsf()_ac(sigmoid)_opt(adam)_rd(0.05)_drop(0.05)_bs(64)_lr(0.001)_ct(lstm)_pat(15);0.29660;221.93
sle(28)_sld(4)_lsed([64, 32])_lsf()_ac(sigmoid)_opt(rmsprop)_rd(0.05)_drop(0.05)_bs(128)_lr(0.01)_ct(lstm)_pat(15);0.33500;381.76
sle(40)_sld(1)_lsed([64])_lsf()_ac(sigmoid)_opt(rmsprop)_rd(0.05)_drop(0.05)_bs(8)_lr(0.0001)_ct(lstm)_pat(15);0.29230;5023.75
sle(40)_sld(7)_lsed([8, 4])_lsf()_ac(tanh)_opt(adam)_rd(0.05)_drop(0.05)_bs(64)_lr(0.0001)_ct(lstm)_pat(15);0.28760;11312.09
sle(36)_sld(2)_lsed([32])_lsf()_ac(tanh)_opt(adam)_rd(0.05)_drop(0.05)_bs(8)_lr(0.0001)_ct(lstm)_pat(15);0.28930;9739.24
sle(12)_sld(1)_lsed([8, 4])_lsf()_ac(tanh)_opt(rmsprop)_rd(0.05)_drop(0.05)_bs(64)_lr(0.01)_ct(lstm)_pat(15);0.28790;528.93
sle(28)_sld(3)_lsed([64])_lsf()_ac(tanh)_opt(adam)_rd(0.05)_drop(0.05)_bs(128)_lr(0.01)_ct(lstm)_pat(15);0.29400;224.55
sle(12)_sld(1)_lsed([16, 4])_lsf()_ac(sigmoid)_opt(adam)_rd(0.05)_drop(0.05)_bs(16)_lr(0.001)_ct(lstm)_pat(15);0.28750;7447.07
sle(20)_sld(2)_lsed([32, 16])_lsf()_ac(tanh)_opt(adam)_rd(0.05)_drop(0.05)_bs(32)_lr(0.001)_ct(lstm)_pat(15);0.28930;1168.56
sle(28)_sld(1)_lsed([32])_lsf()_ac(tanh)_opt(adam)_rd(0.05)_drop(0.05)_bs(128)_lr(0.0001)_ct(lstm)_pat(15);0.29340;194.11
sle(8)_sld(2)_lsed([64])_lsf()_ac(sigmoid)_opt(rmsprop)_rd(0.05)_drop(0.05)_bs(64)_lr(0.01)_ct(lstm)_pat(15);0.29900;236.79
sle(24)_sld(7)_lsed([32])_lsf()_ac(tanh)_opt(rmsprop)_rd(0.05)_drop(0.05)_bs(8)_lr(0.001)_ct(lstm)_pat(15);0.28710;2077.14
sle(32)_sld(2)_lsed([32])_lsf()_ac(tanh)_opt(rmsprop)_rd(0.05)_drop(0.05)_bs(8)_lr(0.0001)_ct(lstm)_pat(15);0.29250;2030.49
sle(32)_sld(6)_lsed([8, 4])_lsf()_ac(tanh)_opt(adam)_rd(0.05)_drop(0.05)_bs(8)_lr(0.01)_ct(lstm)_pat(15);0.30250;4937.72
sle(12)_sld(2)_lsed([64, 16])_lsf()_ac(sigmoid)_opt(rmsprop)_rd(0.05)_drop(0.05)_bs(128)_lr(0.0001)_ct(lstm)_pat(15);0.29550;808.49
sle(32)_sld(5)_lsed([32, 4])_lsf()_ac(sigmoid)_opt(rmsprop)_rd(0.05)_drop(0.05)_bs(64)_lr(0.0001)_ct(lstm)_pat(15);0.28800;9801.74
sle(36)_sld(2)_lsed([8, 4])_lsf()_ac(tanh)_opt(rmsprop)_rd(0.05)_drop(0.05)_bs(8)_lr(0.01)_ct(lstm)_pat(15);0.28830;4071.20
sle(32)_sld(2)_lsed([16, 4])_lsf()_ac(sigmoid)_opt(rmsprop)_rd(0.05)_drop(0.05)_bs(128)_lr(0.001)_ct(lstm)_pat(15);0.29170;1633.45
sle(32)_sld(7)_lsed([32, 4])_lsf()_ac(tanh)_opt(adam)_rd(0.05)_drop(0.05)_bs(16)_lr(0.01)_ct(lstm)_pat(15);0.28980;1992.70
sle(16)_sld(3)_lsed([16, 4])_lsf()_ac(tanh)_opt(rmsprop)_rd(0.05)_drop(0.05)_bs(32)_lr(0.001)_ct(lstm)_pat(15);0.28980;792.99
sle(32)_sld(3)_lsed([32, 4])_lsf()_ac(tanh)_opt(adam)_rd(0.05)_drop(0.05)_bs(8)_lr(0.01)_ct(lstm)_pat(15);0.29910;2681.12
sle(8)_sld(3)_lsed([8, 4])_lsf()_ac(tanh)_opt(adam)_rd(0.05)_drop(0.05)_bs(128)_lr(0.01)_ct(lstm)_pat(15);0.29230;219.75
sle(24)_sld(1)_lsed([64])_lsf()_ac(tanh)_opt(rmsprop)_rd(0.05)_drop(0.05)_bs(128)_lr(0.01)_ct(lstm)_pat(15);0.29110;280.75
sle(24)_sld(2)_lsed([32, 4])_lsf()_ac(sigmoid)_opt(rmsprop)_rd(0.05)_drop(0.05)_bs(16)_lr(0.0001)_ct(lstm)_pat(15);0.29640;2937.51
sle(8)_sld(3)_lsed([64])_lsf()_ac(tanh)_opt(rmsprop)_rd(0.05)_drop(0.05)_bs(32)_lr(0.001)_ct(lstm)_pat(15);0.29420;383.88
sle(16)_sld(1)_lsed([16, 8])_lsf()_ac(tanh)_opt(adam)_rd(0.05)_drop(0.05)_bs(8)_lr(0.001)_ct(lstm)_pat(15);0.29040;2403.31
sle(32)_sld(7)_lsed([16])_lsf()_ac(sigmoid)_opt(rmsprop)_rd(0.05)_drop(0.05)_bs(16)_lr(0.01)_ct(lstm)_pat(15);0.28900;1316.35
sle(8)_sld(1)_lsed([8])_lsf()_ac(sigmoid)_opt(adam)_rd(0.05)_drop(0.05)_bs(8)_lr(0.01)_ct(lstm)_pat(15);0.29790;1095.41
sle(16)_sld(7)_lsed([32, 16])_lsf()_ac(sigmoid)_opt(rmsprop)_rd(0.05)_drop(0.05)_bs(128)_lr(0.001)_ct(lstm)_pat(15);0.28970;3116.40
sle(12)_sld(6)_lsed([32, 4])_lsf()_ac(sigmoid)_opt(adam)_rd(0.05)_drop(0.05)_bs(128)_lr(0.001)_ct(lstm)_pat(15);0.28940;609.41
sle(36)_sld(1)_lsed([64, 32])_lsf()_ac(tanh)_opt(adam)_rd(0.05)_drop(0.05)_bs(128)_lr(0.001)_ct(lstm)_pat(15);0.29130;812.13
sle(16)_sld(1)_lsed([64, 32])_lsf()_ac(tanh)_opt(adam)_rd(0.05)_drop(0.05)_bs(64)_lr(0.001)_ct(lstm)_pat(15);0.28820;829.76
sle(16)_sld(3)_lsed([8, 4])_lsf()_ac(tanh)_opt(rmsprop)_rd(0.05)_drop(0.05)_bs(8)_lr(0.0001)_ct(lstm)_pat(15);0.28760;19894.38
sle(8)_sld(5)_lsed([32, 16])_lsf()_ac(tanh)_opt(rmsprop)_rd(0.05)_drop(0.05)_bs(64)_lr(0.01)_ct(lstm)_pat(15);0.29160;326.93
sle(32)_sld(6)_lsed([32, 16])_lsf()_ac(sigmoid)_opt(rmsprop)_rd(0.05)_drop(0.05)_bs(128)_lr(0.001)_ct(lstm)_pat(15);0.29470;2000.17
sle(16)_sld(7)_lsed([64, 16])_lsf()_ac(tanh)_opt(adam)_rd(0.05)_drop(0.05)_bs(32)_lr(0.0001)_ct(lstm)_pat(15);0.29000;2205.60
sle(12)_sld(2)_lsed([16, 8])_lsf()_ac(sigmoid)_opt(adam)_rd(0.05)_drop(0.05)_bs(8)_lr(0.001)_ct(lstm)_pat(15);0.29050;4057.96
sle(28)_sld(3)_lsed([32])_lsf()_ac(sigmoid)_opt(rmsprop)_rd(0.05)_drop(0.05)_bs(32)_lr(0.0001)_ct(lstm)_pat(15);0.28830;7110.07
sle(40)_sld(4)_lsed([32])_lsf()_ac(sigmoid)_opt(rmsprop)_rd(0.05)_drop(0.05)_bs(16)_lr(0.0001)_ct(lstm)_pat(15);0.28860;16191.91
sle(32)_sld(1)_lsed([8, 4])_lsf()_ac(sigmoid)_opt(rmsprop)_rd(0.05)_drop(0.05)_bs(8)_lr(0.0001)_ct(lstm)_pat(15);0.29070;22551.71
sle(32)_sld(3)_lsed([16, 8])_lsf()_ac(sigmoid)_opt(adam)_rd(0.05)_drop(0.05)_bs(16)_lr(0.0001)_ct(lstm)_pat(15);0.28900;19802.44
sle(16)_sld(4)_lsed([16, 4])_lsf()_ac(tanh)_opt(rmsprop)_rd(0.05)_drop(0.05)_bs(8)_lr(0.0001)_ct(lstm)_pat(15);0.28910;2769.17
sle(40)_sld(3)_lsed([8, 4])_lsf()_ac(sigmoid)_opt(adam)_rd(0.05)_drop(0.05)_bs(32)_lr(0.01)_ct(lstm)_pat(15);0.29490;788.18
sle(16)_sld(4)_lsed([64, 16])_lsf()_ac(tanh)_opt(adam)_rd(0.05)_drop(0.05)_bs(128)_lr(0.0001)_ct(lstm)_pat(15);0.29100;940.85
sle(28)_sld(2)_lsed([32, 4])_lsf()_ac(sigmoid)_opt(adam)_rd(0.05)_drop(0.05)_bs(128)_lr(0.001)_ct(lstm)_pat(15);0.29050;557.19
sle(40)_sld(7)_lsed([64, 32])_lsf()_ac(tanh)_opt(rmsprop)_rd(0.05)_drop(0.05)_bs(32)_lr(0.001)_ct(lstm)_pat(15);0.29150;1523.02
sle(40)_sld(2)_lsed([32])_lsf()_ac(sigmoid)_opt(adam)_rd(0.05)_drop(0.05)_bs(8)_lr(0.01)_ct(lstm)_pat(15);0.30480;1568.41
sle(8)_sld(4)_lsed([8, 4])_lsf()_ac(sigmoid)_opt(adam)_rd(0.05)_drop(0.05)_bs(128)_lr(0.001)_ct(lstm)_pat(15);0.29200;655.17
sle(20)_sld(3)_lsed([8])_lsf()_ac(sigmoid)_opt(adam)_rd(0.05)_drop(0.05)_bs(8)_lr(0.001)_ct(lstm)_pat(15);0.28870;3734.61
sle(24)_sld(2)_lsed([16, 8])_lsf()_ac(tanh)_opt(adam)_rd(0.05)_drop(0.05)_bs(128)_lr(0.0001)_ct(lstm)_pat(15);0.28900;3870.31
sle(32)_sld(7)_lsed([32, 16])_lsf()_ac(tanh)_opt(rmsprop)_rd(0.05)_drop(0.05)_bs(8)_lr(0.001)_ct(lstm)_pat(15);0.28940;4398.44
sle(24)_sld(3)_lsed([64])_lsf()_ac(sigmoid)_opt(rmsprop)_rd(0.05)_drop(0.05)_bs(128)_lr(0.0001)_ct(lstm)_pat(15);0.29170;3334.78
sle(32)_sld(6)_lsed([8])_lsf()_ac(tanh)_opt(rmsprop)_rd(0.05)_drop(0.05)_bs(64)_lr(0.01)_ct(lstm)_pat(15);0.28980;284.08
sle(16)_sld(5)_lsed([64])_lsf()_ac(tanh)_opt(rmsprop)_rd(0.05)_drop(0.05)_bs(8)_lr(0.001)_ct(lstm)_pat(15);0.29040;1440.77
sle(20)_sld(5)_lsed([64, 16])_lsf()_ac(tanh)_opt(rmsprop)_rd(0.05)_drop(0.05)_bs(16)_lr(0.001)_ct(lstm)_pat(15);0.28760;2549.87
sle(8)_sld(7)_lsed([32, 16])_lsf()_ac(sigmoid)_opt(rmsprop)_rd(0.05)_drop(0.05)_bs(32)_lr(0.01)_ct(lstm)_pat(15);0.29330;463.83
sle(28)_sld(3)_lsed([16, 4])_lsf()_ac(sigmoid)_opt(rmsprop)_rd(0.05)_drop(0.05)_bs(64)_lr(0.0001)_ct(lstm)_pat(15);0.28890;8029.47
sle(40)_sld(3)_lsed([64, 16])_lsf()_ac(sigmoid)_opt(adam)_rd(0.05)_drop(0.05)_bs(64)_lr(0.01)_ct(lstm)_pat(15);0.29520;795.80
sle(16)_sld(5)_lsed([16, 8])_lsf()_ac(tanh)_opt(rmsprop)_rd(0.05)_drop(0.05)_bs(64)_lr(0.001)_ct(lstm)_pat(15);0.28620;936.35
sle(24)_sld(5)_lsed([16, 8])_lsf()_ac(tanh)_opt(adam)_rd(0.05)_drop(0.05)_bs(8)_lr(0.01)_ct(lstm)_pat(15);0.29550;3454.73
sle(24)_sld(4)_lsed([16])_lsf()_ac(tanh)_opt(rmsprop)_rd(0.05)_drop(0.05)_bs(64)_lr(0.001)_ct(lstm)_pat(15);0.28800;476.38
sle(36)_sld(5)_lsed([16, 4])_lsf()_ac(sigmoid)_opt(adam)_rd(0.05)_drop(0.05)_bs(128)_lr(0.001)_ct(lstm)_pat(15);0.28880;1803.61
sle(8)_sld(5)_lsed([32])_lsf()_ac(tanh)_opt(adam)_rd(0.05)_drop(0.05)_bs(8)_lr(0.0001)_ct(lstm)_pat(15);0.28870;9381.70
sle(24)_sld(4)_lsed([16, 4])_lsf()_ac(tanh)_opt(rmsprop)_rd(0.05)_drop(0.05)_bs(32)_lr(0.001)_ct(lstm)_pat(15);0.28900;1184.31
sle(16)_sld(4)_lsed([64, 32])_lsf()_ac(tanh)_opt(adam)_rd(0.05)_drop(0.05)_bs(128)_lr(0.001)_ct(lstm)_pat(15);0.28940;460.23
sle(8)_sld(3)_lsed([16, 8])_lsf()_ac(sigmoid)_opt(adam)_rd(0.05)_drop(0.05)_bs(128)_lr(0.01)_ct(lstm)_pat(15);0.29070;334.48
sle(8)_sld(3)_lsed([8, 4])_lsf()_ac(sigmoid)_opt(adam)_rd(0.05)_drop(0.05)_bs(16)_lr(0.001)_ct(lstm)_pat(15);0.29120;2638.63
sle(36)_sld(2)_lsed([64, 32])_lsf()_ac(tanh)_opt(rmsprop)_rd(0.05)_drop(0.05)_bs(32)_lr(0.001)_ct(lstm)_pat(15);0.29430;1674.18
sle(40)_sld(4)_lsed([64, 16])_lsf()_ac(tanh)_opt(rmsprop)_rd(0.05)_drop(0.05)_bs(8)_lr(0.0001)_ct(lstm)_pat(15);0.28870;11176.77
sle(8)_sld(5)_lsed([32, 4])_lsf()_ac(sigmoid)_opt(adam)_rd(0.05)_drop(0.05)_bs(64)_lr(0.01)_ct(lstm)_pat(15);0.29070;527.48
sle(32)_sld(4)_lsed([8])_lsf()_ac(tanh)_opt(rmsprop)_rd(0.05)_drop(0.05)_bs(8)_lr(0.001)_ct(lstm)_pat(15);0.28940;2062.45
sle(36)_sld(2)_lsed([64, 32])_lsf()_ac(sigmoid)_opt(adam)_rd(0.05)_drop(0.05)_bs(32)_lr(0.0001)_ct(lstm)_pat(15);0.28930;10934.59
sle(12)_sld(7)_lsed([32, 16])_lsf()_ac(tanh)_opt(rmsprop)_rd(0.05)_drop(0.05)_bs(8)_lr(0.001)_ct(lstm)_pat(15);0.28910;2168.65
sle(28)_sld(3)_lsed([64, 32])_lsf()_ac(tanh)_opt(rmsprop)_rd(0.05)_drop(0.05)_bs(8)_lr(0.001)_ct(lstm)_pat(15);0.29530;3001.82
sle(16)_sld(4)_lsed([16, 4])_lsf()_ac(sigmoid)_opt(rmsprop)_rd(0.05)_drop(0.05)_bs(32)_lr(0.01)_ct(lstm)_pat(15);0.29100;584.80
sle(32)_sld(2)_lsed([64, 16])_lsf()_ac(tanh)_opt(rmsprop)_rd(0.05)_drop(0.05)_bs(8)_lr(0.01)_ct(lstm)_pat(15);0.30280;2563.59
sle(36)_sld(1)_lsed([8])_lsf()_ac(tanh)_opt(rmsprop)_rd(0.05)_drop(0.05)_bs(16)_lr(0.0001)_ct(lstm)_pat(15);0.29250;1043.42
sle(8)_sld(5)_lsed([32, 4])_lsf()_ac(tanh)_opt(rmsprop)_rd(0.05)_drop(0.05)_bs(128)_lr(0.0001)_ct(lstm)_pat(15);0.29220;1060.55
sle(32)_sld(1)_lsed([32, 16])_lsf()_ac(tanh)_opt(adam)_rd(0.05)_drop(0.05)_bs(32)_lr(0.001)_ct(lstm)_pat(15);0.28800;2220.41
sle(12)_sld(7)_lsed([16, 4])_lsf()_ac(tanh)_opt(rmsprop)_rd(0.05)_drop(0.05)_bs(32)_lr(0.001)_ct(lstm)_pat(15);0.28720;1181.00
sle(32)_sld(7)_lsed([16, 8])_lsf()_ac(tanh)_opt(adam)_rd(0.05)_drop(0.05)_bs(8)_lr(0.0001)_ct(lstm)_pat(15);0.28700;21943.47
sle(24)_sld(5)_lsed([16])_lsf()_ac(sigmoid)_opt(adam)_rd(0.05)_drop(0.05)_bs(32)_lr(0.0001)_ct(lstm)_pat(15);0.28840;8095.76
sle(24)_sld(4)_lsed([8])_lsf()_ac(sigmoid)_opt(rmsprop)_rd(0.05)_drop(0.05)_bs(16)_lr(0.0001)_ct(lstm)_pat(15);0.28840;13656.93
sle(36)_sld(6)_lsed([16])_lsf()_ac(tanh)_opt(adam)_rd(0.05)_drop(0.05)_bs(128)_lr(0.001)_ct(lstm)_pat(15);0.28820;573.72
sle(12)_sld(5)_lsed([16, 8])_lsf()_ac(tanh)_opt(rmsprop)_rd(0.05)_drop(0.05)_bs(32)_lr(0.0001)_ct(lstm)_pat(15);0.28930;9415.43
sle(12)_sld(1)_lsed([16])_lsf()_ac(sigmoid)_opt(rmsprop)_rd(0.05)_drop(0.05)_bs(8)_lr(0.001)_ct(lstm)_pat(15);0.29270;833.54
sle(40)_sld(4)_lsed([32, 16])_lsf()_ac(sigmoid)_opt(adam)_rd(0.05)_drop(0.05)_bs(128)_lr(0.001)_ct(lstm)_pat(15);0.29100;852.76
sle(36)_sld(5)_lsed([8, 4])_lsf()_ac(sigmoid)_opt(adam)_rd(0.05)_drop(0.05)_bs(16)_lr(0.001)_ct(lstm)_pat(15);0.28610;26628.29
sle(20)_sld(2)_lsed([64, 32])_lsf()_ac(sigmoid)_opt(adam)_rd(0.05)_drop(0.05)_bs(16)_lr(0.001)_ct(lstm)_pat(15);0.29190;4437.03
sle(28)_sld(3)_lsed([8])_lsf()_ac(sigmoid)_opt(rmsprop)_rd(0.05)_drop(0.05)_bs(8)_lr(0.001)_ct(lstm)_pat(15);0.28650;10370.74
sle(36)_sld(2)_lsed([32, 4])_lsf()_ac(sigmoid)_opt(adam)_rd(0.05)_drop(0.05)_bs(16)_lr(0.001)_ct(lstm)_pat(15);0.29090;2755.85
sle(20)_sld(5)_lsed([16, 4])_lsf()_ac(tanh)_opt(rmsprop)_rd(0.05)_drop(0.05)_bs(128)_lr(0.001)_ct(lstm)_pat(15);0.28500;799.57
sle(32)_sld(1)_lsed([32, 16])_lsf()_ac(sigmoid)_opt(adam)_rd(0.05)_drop(0.05)_bs(16)_lr(0.001)_ct(lstm)_pat(15);0.29190;5817.05
sle(20)_sld(2)_lsed([32, 4])_lsf()_ac(tanh)_opt(adam)_rd(0.05)_drop(0.05)_bs(64)_lr(0.01)_ct(lstm)_pat(15);0.28970;336.18
sle(20)_sld(1)_lsed([16, 4])_lsf()_ac(tanh)_opt(adam)_rd(0.05)_drop(0.05)_bs(8)_lr(0.01)_ct(lstm)_pat(15);0.29180;2343.14
sle(20)_sld(5)_lsed([64, 16])_lsf()_ac(sigmoid)_opt(rmsprop)_rd(0.05)_drop(0.05)_bs(128)_lr(0.0001)_ct(lstm)_pat(15);0.28880;3876.01
sle(12)_sld(3)_lsed([32, 16])_lsf()_ac(sigmoid)_opt(rmsprop)_rd(0.05)_drop(0.05)_bs(8)_lr(0.0001)_ct(lstm)_pat(15);0.29080;4955.12
sle(32)_sld(3)_lsed([32, 16])_lsf()_ac(tanh)_opt(adam)_rd(0.05)_drop(0.05)_bs(32)_lr(0.0001)_ct(lstm)_pat(15);0.28890;3005.47
sle(32)_sld(1)_lsed([32, 16])_lsf()_ac(tanh)_opt(rmsprop)_rd(0.05)_drop(0.05)_bs(8)_lr(0.0001)_ct(lstm)_pat(15);0.28840;16372.29
sle(40)_sld(7)_lsed([16, 4])_lsf()_ac(sigmoid)_opt(rmsprop)_rd(0.05)_drop(0.05)_bs(128)_lr(0.0001)_ct(lstm)_pat(15);0.28880;5708.03
sle(24)_sld(3)_lsed([64, 16])_lsf()_ac(tanh)_opt(rmsprop)_rd(0.05)_drop(0.05)_bs(8)_lr(0.0001)_ct(lstm)_pat(15);0.28910;6090.76
sle(40)_sld(3)_lsed([64, 32])_lsf()_ac(sigmoid)_opt(rmsprop)_rd(0.05)_drop(0.05)_bs(16)_lr(0.0001)_ct(lstm)_pat(15);0.28950;39943.81
sle(40)_sld(6)_lsed([16, 4])_lsf()_ac(sigmoid)_opt(rmsprop)_rd(0.05)_drop(0.05)_bs(32)_lr(0.0001)_ct(lstm)_pat(15);0.28830;22684.75
sle(36)_sld(6)_lsed([16, 8])_lsf()_ac(tanh)_opt(adam)_rd(0.05)_drop(0.05)_bs(128)_lr(0.001)_ct(lstm)_pat(15);0.28830;670.93
sle(36)_sld(2)_lsed([32, 16])_lsf()_ac(tanh)_opt(adam)_rd(0.05)_drop(0.05)_bs(8)_lr(0.0001)_ct(lstm)_pat(15);0.29000;9807.51
